ticker,close,stop,target,rr,risk_pct,relvol,change,bos,date
ACN,212.3000030517578,180.6999969482422,266.51870608520505,1.7157814101629303,14.884599929003148,5.436019028467668,15.776849378264867,193.75,2026-10-01
ADSK,270.5799865722656,241.3300018310547,363.06830603027345,3.1619954771360623,10.810106509262814,2.2656372819441306,6.205590153736029,260.739990234375,2026-08-27
COIN,194.25,172.02999877929688,259.5799797668457,2.9401429422954117,11.438868067286036,2.025831196136873,11.657181489335677,193.22000122070312,2026-09-18
CRL,260.7200012207031,213.39999389648438,331.95083612060546,1.5053005890691364,18.14974190804859,2.11457925519925,11.361697701301043,242.72999572753906,2026-08-05
CRWD,235.3800048828125,200.60000610351562,297.2593349914551,1.7791642403816543,14.776105895916105,2.4442292682527538,13.853148219344247,233.8800048828125,2026-09-14
CSX,52.810001373291016,48.90999984741211,59.42699984741211,1.696665611593546,7.384967666089394,2.382734045734662,5.768077409398065,51.290000915527344,2026-07-23
INCY,129.92999267578125,114.51000213623047,158.87555917358398,1.8771455419223608,11.867922272595528,3.6408581917464535,9.304273301631794,119.5999984741211,2026-07-28
JBHT,298.4100036621094,269.3900146484375,360.8879195861816,2.1529269323512734,9.724871370777269,2.3568467896953536,8.009991668086979,288.0299987792969,2026-07-16
JKHY,163.05999755859375,151.6199951171875,208.58977363586428,3.979874681886329,7.015823998951929,2.20341954786858,6.491642344815163,156.25,2026-08-19
MMM,170.75999450683594,153.55999755859375,199.46264965820313,1.6687593165125858,10.072615074693992,3.4557700068622323,7.321974641313922,169.75999450683594,2026-07-21
NET,300.2699890136719,250.69000244140625,409.5775975036621,2.2046720067313497,16.51180217347933,2.735879224845139,5.569031658326717,291.0,2026-08-07
NSC,348.54998779296875,323.4100036621094,396.3494219360351,1.9013311183594777,7.21273418772632,2.9025716850609915,5.321201795385977,342.5299987792969,2026-07-23
NVDA,227.97999572753906,207.25,268.9281520996094,1.9753094458033185,9.092901182572907,2.5625863767549744,8.73795275466771,227.9199981689453,2026-08-27
RTX,209.16000366210938,192.58999633789062,237.4409583129883,1.7067557121440395,7.9221682128993525,2.292939878780652,7.327585396913294,198.5,2026-07-23
RVTY,140.19000244140625,120.9000015258789,170.45933708190918,1.5691722759918512,13.759897695693232,2.259495103346607,9.105764221377232,133.0,2026-09-15
SNOW,356.4700012207031,307.2699890136719,439.6223692626953,1.69008836201282,13.802006350758752,5.052168108679028,16.554409328097396,334.79998779296875,2026-09-03
URI,1139.7099609375,1041.4300537109375,1364.2210537109374,2.2844048097835192,8.62323841986251,2.5911505947643527,10.110514986534124,1110.6500244140625,2026-07-23
ZS,191.72999572753906,159.1999969482422,244.0479208984375,1.6082977907824338,16.966567310377528,2.517396118654933,16.524859335640784,190.47000122070312,2026-09-14
