date,last_observed,actual_close,path0_close,mean_close,err_path0,err_mean,err_naive,path_mae_mean,path_mae_naive,dir_hit,prob_up,actual_up,band_cover,end_in_band
2026-07-17,7475.39013671875,7457.77978515625,7553.151,7552.294,95.37109375,94.51416015625,17.6103515625,59.86941731770833,11.50634765625,0,1.0,0,0.0,0
2026-07-20,7466.02001953125,7444.72998046875,7527.7275,7533.2524,82.99755859375,88.5224609375,21.2900390625,38.720760091145834,12.603312174479166,0,1.0,0,0.2833333333333333,0
2026-07-21,7492.72021484375,7507.31982421875,7497.6543,7503.5024,9.66552734375,3.8173828125,14.599609375,17.095361328125,15.188289388020833,1,0.9,1,0.1,1
2026-07-22,7505.10009765625,7499.43994140625,7526.4106,7507.603,26.970703125,8.1630859375,5.66015625,9.2354736328125,9.395442708333333,0,0.6,0,0.4666666666666667,1
2026-07-23,7407.0400390625,7408.18017578125,7496.5317,7499.9736,88.3515625,91.79345703125,1.14013671875,76.54234212239584,9.867683919270833,1,1.0,1,0.0,0
2026-07-24,7429.68994140625,7412.8798828125,7452.2007,7460.675,39.32080078125,47.794921875,16.81005859375,22.9538818359375,16.4636962890625,0,1.0,0,0.3333333333333333,0
2026-07-27,7420.43994140625,7413.43017578125,7461.115,7453.518,47.68505859375,40.087890625,7.009765625,32.232869466145836,17.637931315104165,0,1.0,0,0.05,0
2026-07-28,7409.9501953125,7427.259765625,7449.737,7435.5024,22.47705078125,8.24267578125,17.3095703125,22.62890625,26.5896240234375,1,0.9,1,0.38333333333333336,1
2026-07-29,7371.31005859375,7320.22998046875,7425.7817,7423.632,105.5517578125,103.40185546875,51.080078125,27.3104736328125,21.215144856770834,0,1.0,0,0.15,0
2026-07-30,7386.740234375,7437.52978515625,7417.483,7416.6025,20.046875,20.92724609375,50.78955078125,18.018017578125,32.233837890625,1,1.0,1,0.21666666666666667,0
2026-07-31,7448.81982421875,7489.52001953125,7431.776,7420.0483,57.744140625,69.4716796875,40.7001953125,42.26072591145833,27.560115559895834,0,0.0,1,0.1,0
2026-08-03,7578.7001953125,7599.97021484375,7425.14,7425.229,174.830078125,174.7412109375,21.27001953125,143.14482421875,15.982194010416666,0,0.0,1,0.03333333333333333,0
2026-08-04,7687.91015625,7735.60009765625,7431.641,7441.728,303.958984375,293.8720703125,47.68994140625,206.00282389322916,42.6461669921875,0,0.0,1,0.0,0
2026-08-05,7758.740234375,7722.1201171875,7456.788,7487.7686,265.33203125,234.3515625,36.6201171875,73.69195963541667,18.7233642578125,1,0.0,0,0.4,0
2026-08-06,7733.52001953125,7711.3798828125,7716.4873,7662.784,5.107421875,48.595703125,22.14013671875,19.388321940104166,22.7233642578125,1,0.0,0,0.26666666666666666,1
2026-08-07,7751.990234375,7755.60986328125,7729.58,7747.716,26.02978515625,7.89404296875,3.61962890625,8.358512369791667,6.133544921875,0,0.4,1,0.7166666666666667,1
2026-08-10,7758.66015625,7753.14990234375,7762.379,7752.1577,9.22900390625,0.9921875,5.51025390625,8.106111653645833,5.787760416666667,1,0.6,0,0.48333333333333334,1
2026-08-11,7759.330078125,7727.41015625,7757.5635,7751.147,30.1533203125,23.73681640625,31.919921875,21.5651123046875,24.682071940104166,1,0.2,0,0.0,0
2026-08-12,7744.93017578125,7748.7099609375,7748.77,7740.5615,0.06005859375,8.1484375,3.77978515625,7.750732421875,5.889217122395833,0,0.4,1,0.8833333333333333,1
2026-08-13,7800.91015625,7798.85986328125,7750.1196,7749.41,48.740234375,49.44970703125,2.05029296875,32.83072102864583,9.0154296875,1,0.0,0,0.2,0
2026-08-14,7789.31982421875,7786.009765625,7778.8794,7770.207,7.13037109375,15.802734375,3.31005859375,5.128177966101695,6.379824880826271,1,0.0,0,0.559322033898305,0
2026-08-17,7773.7998046875,7746.14013671875,7770.0645,7775.324,23.92431640625,29.18408203125,27.65966796875,14.917073567708334,11.831022135416667,0,0.5,0,0.36666666666666664,0
2026-08-18,7698.9501953125,7693.259765625,7763.257,7767.629,69.9970703125,74.369140625,5.6904296875,44.5818359375,3.5859619140625,0,1.0,0,0.016666666666666666,0
2026-08-19,7741.5,7708.02978515625,7722.604,7744.0337,14.57421875,36.00390625,33.47021484375,21.788826497395835,20.916845703125,0,0.4,0,0.08333333333333333,0
2026-08-20,7691.0400390625,7642.2099609375,7762.41,7746.647,120.2001953125,104.43701171875,48.830078125,55.74998372395833,24.372013346354166,0,1.0,0,0.05,0
2026-08-21,7676.68994140625,7674.10009765625,7699.302,7710.4478,25.20166015625,36.34765625,2.58984375,14.57158203125,4.488346354166667,0,1.0,0,0.2833333333333333,0
2026-08-24,7654.5,7652.81982421875,7693.41,7696.41,40.59033203125,43.59033203125,1.68017578125,16.473046875,5.655167643229166,0,1.0,0,0.3333333333333333,0
2026-08-25,7664.72998046875,7675.72998046875,7667.9526,7681.3257,7.77734375,5.595703125,11.0,6.08623046875,5.8693359375,1,1.0,1,0.5833333333333334,1
2026-08-26,7676.740234375,7676.2900390625,7662.38,7673.6694,13.91015625,2.62060546875,0.4501953125,6.038411458333333,6.3194091796875,1,0.3,0,0.7,1
2026-08-27,7721.33984375,7730.10986328125,7670.2993,7669.7163,59.810546875,60.3935546875,8.77001953125,46.241023763020834,7.081396484375,0,0.0,1,0.0,0
2026-08-28,7767.85009765625,7709.89990234375,7685.3833,7684.775,24.5166015625,25.125,57.9501953125,18.8077880859375,47.144246419270836,1,0.0,0,0.08333333333333333,0
2026-08-31,7677.509765625,7684.3701171875,7688.4014,7680.8047,4.03125,3.5654296875,6.8603515625,4.343522135416666,4.0069091796875,1,0.6,1,0.8666666666666667,1
2026-09-01,7651.68994140625,7632.60009765625,7695.4307,7691.654,62.83056640625,59.0537109375,19.08984375,33.74087727864583,16.442781575520833,0,1.0,0,0.18333333333333332,0
2026-09-02,7669.97021484375,7667.4501953125,7667.4224,7666.1963,0.02783203125,1.25390625,2.52001953125,3.414444986979167,3.6460611979166666,1,0.3,0,0.9,1
2026-09-03,7709.0400390625,7747.7998046875,7703.4033,7711.284,44.396484375,36.515625,38.759765625,36.30538736979167,37.2174560546875,1,0.5,1,0.0,0
2026-09-04,7710.72998046875,7717.81005859375,7712.441,7710.9077,5.369140625,6.90234375,7.080078125,6.929638671875,5.513517252604166,1,0.4,1,0.6666666666666666,1
2026-09-08,7691.68994140625,7674.1298828125,7689.899,7702.1484,15.76904296875,28.0185546875,17.56005859375,9.782698567708334,4.265128580729167,0,0.9,0,0.3333333333333333,0
2026-09-09,7651.93994140625,7637.7001953125,7694.1953,7672.2734,56.4951171875,34.5732421875,14.23974609375,17.883951822916668,11.8094482421875,0,1.0,0,0.0,0
2026-09-10,7607.35986328125,7592.2998046875,7690.024,7692.8335,97.72412109375,100.53369140625,15.06005859375,59.9006591796875,10.816219075520833,0,1.0,0,0.016666666666666666,0
2026-09-11,7654.1298828125,7655.5,7653.356,7648.093,2.14404296875,7.4072265625,1.3701171875,22.744588216145832,13.601310221354167,0,0.2,1,0.016666666666666666,1
2026-09-14,7598.64013671875,7620.3701171875,7633.1963,7643.453,12.826171875,23.0830078125,21.72998046875,13.7047119140625,32.326375325520836,1,1.0,1,0.3,0
2026-09-15,7575.580078125,7585.509765625,7643.9414,7638.421,58.431640625,52.9111328125,9.9296875,28.698575846354167,8.0654541015625,1,1.0,1,0.13333333333333333,0
2026-09-16,7612.93017578125,7553.330078125,7611.7437,7610.7007,58.41357421875,57.37060546875,59.60009765625,20.550227864583334,20.9900390625,1,0.3,0,0.4,0
2026-09-17,7619.18017578125,7637.0498046875,7618.0728,7624.371,18.97705078125,12.6787109375,17.86962890625,9.15087890625,15.829484049479166,1,0.7,1,0.7666666666666667,0
2026-09-18,7629.330078125,7646.0400390625,7649.2197,7622.4756,3.1796875,23.564453125,16.7099609375,7.309285481770833,7.027335611979167,0,0.3,1,0.7333333333333333,0
2026-09-21,7722.77001953125,7764.22021484375,7596.4404,7612.5117,167.77978515625,151.70849609375,41.4501953125,118.69267578125,32.9133056640625,0,0.0,1,0.0,0
2026-09-22,7764.8701171875,7764.27001953125,7645.1587,7641.4736,119.111328125,122.79638671875,0.60009765625,64.43155924479167,4.390812174479167,1,0.0,0,0.05,0
2026-09-23,7732.5400390625,7708.5498046875,7700.888,7712.426,7.66162109375,3.8759765625,23.990234375,14.976993815104167,20.659716796875,1,0.2,0,0.4666666666666667,1
2026-09-24,7674.6201171875,7703.830078125,7678.3486,7677.8057,25.4814453125,26.0244140625,29.2099609375,24.955867513020834,23.490625,1,0.7,1,0.13333333333333333,0
2026-09-25,7717.72998046875,7742.31982421875,7726.7573,7722.633,15.5625,19.68701171875,24.58984375,18.080615234375,18.6243408203125,1,0.8,1,0.1,0
2026-09-28,7671.0498046875,7684.5,7732.1724,7730.538,47.67236328125,46.0380859375,13.4501953125,20.124544270833333,22.4751953125,1,1.0,1,0.35,0
2026-09-29,7678.93994140625,7671.85009765625,7698.959,7715.0337,27.10888671875,43.18359375,7.08984375,26.9885498046875,12.897102864583333,0,1.0,0,0.0,0
2026-09-30,7714.75,7653.56005859375,7720.9097,7707.798,67.349609375,54.23779296875,61.18994140625,10.3935546875,12.515852864583334,1,0.3,0,0.7,0
2026-10-01,7633.06982421875,7668.81982421875,7702.904,7704.9727,34.083984375,36.15283203125,35.75,29.0266845703125,24.2953125,1,1.0,1,0.05,0
2026-10-02,7738.33984375,7723.490234375,7704.765,7700.819,18.72509765625,22.67138671875,14.849609375,9.228092447916667,17.963338216145832,1,0.0,0,0.5166666666666667,0
