date,last_observed,actual_close,path0_close,mean_close,err_path0,err_mean,err_naive,path_mae_mean,path_mae_naive,dir_hit,prob_up,actual_up,band_cover,end_in_band,range_actual,range_kronos,range_naive,range_err_kronos,range_err_naive,range_morning,range_err_morning
2026-07-13,752.7401,751.235,751.7009,752.0951,0.46592773437498636,0.8600927734374864,1.5050999999999704,0.24353857421874636,0.71889166666665,1,0.2,0,0.9166666666666666,0,1.9604999999999109,1.7430419921875,2.0635999999999965,0.21745800781241087,0.10310000000008568,1.7327041395348817,0.2277958604650292
2026-07-14,751.71,750.98,750.7101,751.4842,0.2699169921875182,0.5041918945312318,0.7300000000000182,0.6525364176432239,0.5499999999999924,1,0.45,0,0.5,1,2.4600000000000364,1.91094970703125,2.0464166666666492,0.5490502929687864,0.41358333333338715,2.2884203819119606,0.17157961808807576
2026-07-15,753.4607,752.6695,752.8146,753.1417,0.1450751953125291,0.4722236328125291,0.7912000000000035,0.35294266764322896,0.4027749999999912,1,0.5,0,0.9166666666666666,1,1.9599999999999227,1.86279296875,2.10549999999999,0.09720703124992269,0.14550000000006724,1.4045619073194653,0.5554380926804574
2026-07-16,754.17,753.57,753.5423,753.6825,0.027702636718800022,0.11249511718744998,0.599999999999909,0.28735230305989984,0.47957499999998277,1,0.15,0,0.9166666666666666,1,1.4600000000000364,1.1790771484375,2.0873124999999817,0.2809228515625364,0.6273124999999453,1.995867236703005,0.5358672367029687
2026-07-17,745.05,746.87,748.29004,748.72784,1.4200390624999955,1.8578442382812455,1.82000000000005,1.9429470052083293,0.6538333333333431,1,1.0,1,0.0,0,3.099999999999909,4.235198974609375,2.017611111111099,1.135198974609466,1.08238888888881,3.226123133357937,0.12612313335802794
2026-07-20,744.11,745.99,745.32227,745.36804,0.6677343750000091,0.6219580078125091,1.8799999999999955,0.8193918863932291,1.431666666666653,1,0.95,1,0.4166666666666667,1,2.6350000000001046,2.440643310546875,2.12584999999998,0.1943566894532296,0.5091500000001248,2.490564511442431,0.14443548855767352
2026-07-21,746.74,747.52,746.5865,745.54114,0.9335131835937318,1.9788623046874818,0.7799999999999727,1.6219747884114593,0.8213583333333266,0,0.1,1,0.0,0,2.17999999999995,2.343597412109375,2.253349999999989,0.16359741210942502,0.0733500000000391,1.535655444799706,0.644344555200244
2026-07-22,747.935,749.76,746.44635,746.7595,3.313649902343741,3.000478515624991,1.8250000000000455,1.7429726155598833,1.1204166666667088,0,0.1,1,0.0,0,1.8999999999999773,2.12451171875,2.2693499999999744,0.22451171875002274,0.3693499999999972,1.6063077755176114,0.29369222448236587
2026-07-23,738.31,737.845,743.0647,741.9191,5.219697265624973,4.074128417968723,0.46499999999991815,2.875318725585951,1.3346666666666256,0,1.0,0,0.0,0,3.269999999999982,4.541534423828125,2.207349999999974,1.2715344238281432,1.0626500000000076,2.4178053419034247,0.8521946580965571
2026-07-24,740.59,743.015,741.6547,739.2698,1.3602758789062364,3.7452246093749864,2.4249999999999545,2.3482256998697912,1.5685499999999781,0,0.05,1,0.16666666666666666,0,3.669999999999959,2.500946044921875,2.3693499999999745,1.169053955078084,1.3006499999999845,1.8793157634365685,1.7906842365633906
2026-07-27,739.6901,737.485,738.73285,738.6461,1.2478491210937364,1.1611181640624864,2.205100000000016,1.0126031494140666,1.630500000000031,1,0.15,0,0.5,0,3.974999999999909,2.9573974609375,2.459549999999979,1.017602539062409,1.5154499999999302,5.45064388103477,1.4756438810348609
2026-07-28,738.64,742.215,739.63135,737.7166,2.583652343750032,4.498386230468782,3.5750000000000455,2.9422922770182445,2.3562500000000264,0,0.1,1,0.08333333333333333,0,4.440000000000055,2.54473876953125,2.6609999999999787,1.8952612304688046,1.7790000000000759,2.2239672659208516,2.216032734079203
2026-07-29,734.82,733.73,735.8874,735.2368,2.157390136718732,1.5068164062499818,1.0900000000000318,0.8070367431640667,0.5825000000000292,0,0.75,0,0.5,0,2.6399999999999864,2.56378173828125,2.8589999999999804,0.07621826171873636,0.2189999999999941,4.183345896333047,1.5433458963330606
2026-07-30,736.23,737.13,735.54706,735.6901,1.5829418945312455,1.4398754882812455,0.8999999999999773,0.7858037923177221,0.7060833333333486,0,0.25,1,0.5,0,3.0799999999999272,2.546905517578125,2.9269999999999867,0.5330944824218022,0.15299999999994052,2.7972026111690433,0.2827973888308839
2026-07-31,742.5,743.0908,742.6918,741.8912,0.3990275390624447,1.1996256835936947,0.5907999999999447,0.7018781901041488,0.8354833333333147,0,0.35,1,0.75,0,3.5200000000000955,2.291412353515625,3.088999999999976,1.2285876464844705,0.4310000000001195,5.365003727058456,1.8450037270583604
2026-08-03,755.3701,755.955,751.825,747.44006,4.129987792968791,8.514936523437541,0.5849000000000615,3.409733878580719,0.32749166666666457,0,0.0,1,0.3333333333333333,0,1.4200000000000728,9.1220703125,3.1309999999999945,7.702070312499927,1.7109999999999217,3.9950974540256388,2.575097454025566
2026-08-04,766.3,768.44,760.5775,758.12714,7.862485351562555,10.312863769531305,2.1400000000001,3.823235888671879,1.3437416666667161,0,0.15,1,0.16666666666666666,0,2.730000000000018,10.625946044921875,3.009499999999991,7.895946044921857,0.279499999999973,3.329248971096931,0.5992489710969129
2026-08-05,773.47,770.645,772.9502,771.7418,2.305195312500018,1.0968212890625182,2.8250000000000455,0.5062235188802049,1.3587833333333588,1,0.05,0,0.8333333333333334,1,3.6200000000000045,2.41961669921875,3.064499999999998,1.2003833007812545,0.5555000000000065,2.3521231980197395,1.267876801980265
2026-08-06,770.985,768.125,768.7909,770.00903,0.6658935546875,1.884033203125,2.8600000000000136,1.1613641438802063,1.90499166666667,1,0.25,0,0.4166666666666667,0,3.259999999999991,2.556915283203125,3.236500000000001,0.7030847167968659,0.023499999999990084,1.556129321973457,1.7038706780265338
2026-08-07,772.88,773.03,771.3731,771.0143,1.6568920898437227,2.0157177734374727,0.14999999999997726,1.636123250325511,0.36958333333332877,0,0.05,1,0.0,0,1.544999999999959,2.71075439453125,3.235500000000002,1.165754394531291,1.6905000000000427,2.1738209568155673,0.6288209568156082
2026-08-10,773.515,774.31,774.78876,773.4386,0.47875732421880457,0.8714013671874454,0.7949999999999591,0.2957316080729034,0.31333333333334207,0,0.45,1,1.0,1,1.25,2.274444580078125,3.023000000000002,1.024444580078125,1.773000000000002,1.375589099714633,0.12558909971463295
2026-08-11,773.62,772.0,772.9264,773.28094,0.9263916015625,1.28094482421875,1.6200000000000045,1.1185281087239691,1.2745083333333487,1,0.35,0,0.0,0,2.0599999999999454,1.245086669921875,2.750500000000011,0.8149133300780704,0.6905000000000654,1.125733635221734,0.9342663647782115
2026-08-12,772.22,772.03,771.706,771.57666,0.3240063476562227,0.4533398437499727,0.19000000000005457,0.2828072916666618,0.23883333333337,1,0.35,0,1.0,1,0.9100000000000819,1.946624755859375,2.5125,1.0366247558592931,1.6024999999999183,1.9032139262464687,0.9932139262463868
2026-08-13,777.76,775.49,775.16437,775.1646,0.3256323242187591,0.3253881835937591,2.269999999999982,0.3577769042968744,1.3675083333333287,1,0.0,0,0.75,1,2.8500000000000227,3.48974609375,2.3395000000000095,0.6397460937499773,0.5105000000000133,2.745755977049214,0.10424402295080881
2026-08-14,776.74,776.22,776.4404,776.26807,0.22042968749997272,0.048066406249972715,0.5199999999999818,0.21617705078126428,0.4855333333333552,1,0.1,0,0.9166666666666666,1,1.3000000000000682,1.068878173828125,2.316500000000019,0.2311218261719432,1.0164999999999509,1.0511477403139564,0.2488522596861118
2026-08-17,775.27,775.3,773.84357,774.8166,1.4564331054687045,0.4834106445312045,0.029999999999972715,0.41834281412761243,0.2003333333333425,0,0.25,1,0.5,1,1.1499999999999773,1.64581298828125,2.0945000000000165,0.49581298828127274,0.9445000000000392,1.0165931111906488,0.1334068888093285
2026-08-18,767.92,768.35,771.2175,771.1561,2.8675292968749773,2.8061279296874773,0.43000000000006366,1.4870727539062518,0.2733333333333216,1,1.0,1,0.08333333333333333,0,1.2999999999999545,3.631591796875,2.067500000000007,2.3315917968750455,0.7675000000000525,1.1332453013799881,0.1667546986199664
2026-08-19,772.2,770.6209,771.1334,771.44446,0.512522851562494,0.823558007812494,1.5791000000000395,0.7446074951171795,1.176300000000045,1,0.25,0,0.6666666666666666,1,2.3999999999999773,2.01568603515625,1.9245000000000005,0.38431396484372726,0.4754999999999767,2.64811926651245,0.24811926651247296
2026-08-20,767.15,765.84,766.9023,768.0276,1.0622827148437182,2.187587890624968,1.3099999999999454,1.3122135416666747,1.0120833333333223,0,0.8,0,0.3333333333333333,0,2.919999999999959,1.662933349609375,1.8024999999999978,1.257066650390584,1.1174999999999613,1.440009292592992,1.4799907074069671
2026-08-21,765.8151,767.2,765.0943,764.8581,2.1057006835937955,2.3419067382812955,1.384900000000016,1.4674795084635548,0.7550999999999893,0,0.0,1,0.0,0,2.394999999999982,1.40924072265625,1.7684999999999946,0.9857592773437318,0.6264999999999872,1.1852294382258384,1.2097705617741434
2026-08-24,763.64,764.5201,763.7134,763.80365,0.8067210937499567,0.7164500976562067,0.8800999999999704,0.5354703206380217,0.5882000000000005,1,0.75,1,0.5833333333333334,0,2.3600000000000136,1.216583251953125,1.8534999999999968,1.1434167480468886,0.5065000000000168,1.8212184034638161,0.5387815965361975
2026-08-25,764.72,765.44,764.0123,764.1915,1.4276708984375546,1.2484716796875546,0.7200000000000273,0.5930578206380138,0.31380833333331754,0,0.15,1,0.5,0,1.5500000000000682,1.625640869140625,1.9644999999999981,0.07564086914055679,0.4144999999999299,2.6203028011113947,1.0703028011113265
2026-08-26,765.85,765.32,766.20905,765.1522,0.8890454101562,0.16777832031255002,0.5299999999999727,0.3920321940104354,0.3330500000000048,1,0.2,0,0.6666666666666666,1,1.330000000000041,1.5377197265625,1.9135000000000104,0.20771972656245907,0.5834999999999695,1.470742116654042,0.14074211665400105
2026-08-27,770.395,770.64,767.68774,766.7293,2.9522558593749864,3.9106909179687364,0.24500000000000455,2.0519187337239657,0.3891750000000134,0,0.0,1,0.0,0,1.7100000000000364,3.963134765625,1.9555000000000065,2.2531347656249636,0.24549999999997008,2.2645407748961,0.5545407748960636
2026-08-28,774.9601,771.07,771.0171,770.29944,0.05291015625005002,0.77056152343755,3.8900999999999613,1.3238545817057457,1.3092749999999949,1,0.0,0,0.5,1,4.469999999999914,5.201507568359375,1.8415000000000077,0.7315075683594614,2.6284999999999057,3.683726959399965,0.7862730405999487
2026-08-31,765.95,765.4199,764.6467,764.6752,0.7731714843749842,0.7447291015624842,0.5301000000000613,0.5559027832031423,0.19736666666669103,1,0.05,0,0.6666666666666666,0,1.150000000000091,1.87322998046875,2.158499999999992,0.723229980468659,1.0084999999999011,2.1216325266961436,0.9716325266960526
2026-09-01,763.54,764.29,763.65985,763.8389,0.6301489257812136,0.4510717773437136,0.75,0.537847135416655,0.5237000000000004,1,0.85,1,0.4166666666666667,0,2.0,1.340423583984375,2.1585000000000036,0.659576416015625,0.15850000000000364,2.3861905883276444,0.3861905883276444
2026-09-02,765.31,765.925,765.26074,764.37885,0.6642578124999545,1.5461547851562045,0.6150000000000091,0.903770507812491,0.4352500000000343,0,0.15,1,0.25,0,1.4599999999999227,1.968017578125,2.2285000000000084,0.5080175781250773,0.7685000000000857,3.20194765122428,1.7419476512243572
2026-09-03,769.28,773.32,770.77893,769.2958,2.54106933593755,4.02422363281255,4.040000000000077,3.050559000651049,2.9705000000000346,1,0.55,1,0.0,0,4.07000000000005,1.92999267578125,2.1345000000000027,2.1400073242188,1.9355000000000473,1.7014420256243536,2.3685579743756966
2026-09-04,769.45,769.9575,768.9433,769.6764,1.0142016601562318,0.2811083984374818,0.5074999999999363,0.2362691324869767,0.26790833333330966,1,0.5,1,1.0,1,1.0599999999999454,1.441375732421875,2.249500000000012,0.38137573242192957,1.1895000000000664,2.4513856879905553,1.39138568799061
2026-09-08,767.65,767.39,764.6155,766.90405,2.7745214843749864,0.48594726562498636,0.2599999999999909,0.6841263834635356,0.20500000000000304,1,0.3,0,0.6666666666666666,1,1.0299999999999727,1.628509521484375,2.116000000000008,0.5985095214844023,1.0860000000000354,2.2854098556328033,1.2554098556328306
2026-09-09,763.78,762.17,763.09625,763.1321,0.9262524414062909,0.9620800781250409,1.6100000000000136,1.2534312011718878,1.6433249999999855,1,0.0,0,0.08333333333333333,0,3.5299999999999727,1.4945068359375,1.983000000000004,2.0354931640624727,1.5469999999999686,1.0608210043051278,2.469178995694845
2026-09-10,759.3995,758.54,762.16547,761.5059,3.6254663085937864,2.9659204101562864,0.8595000000000255,1.5125058268229168,0.3364249999999818,0,1.0,0,0.3333333333333333,0,1.75,3.2333984375,2.1809999999999947,1.4833984375,0.4309999999999947,2.259799940280685,0.509799940280685
2026-09-11,763.97,765.71,760.94763,762.49976,4.762368164062536,3.2102441406250364,1.740000000000009,2.3956435953776065,1.5711666666666417,0,0.15,1,0.0,0,2.4600000000000364,2.89227294921875,2.2229999999999905,0.4322729492187136,0.23700000000004584,1.7819896193771343,0.6780103806229021
2026-09-14,758.57,761.75,758.13226,758.3873,3.61773681640625,3.3626708984375,3.17999999999995,1.9321771077474068,1.768766666666636,0,0.55,1,0.25,0,4.080000000000041,1.625,2.2979999999999903,2.455000000000041,1.7820000000000507,2.1413487419543933,1.9386512580456476
2026-09-15,756.44,757.115,758.1295,757.91394,1.014516601562491,0.7989404296874909,0.6749999999999545,0.3336518147786573,0.7736666666666091,1,1.0,1,0.8333333333333334,0,1.3150000000000546,2.164459228515625,2.259000000000003,0.8494592285155704,0.9439999999999484,2.9561613958560855,1.641161395856031
2026-09-16,760.21,760.69,758.5812,759.0709,2.1088232421875546,1.6190771484375546,0.4800000000000182,1.157752661132804,0.4100083333332994,0,0.1,1,0.0,0,1.6599999999999682,1.706512451171875,2.2754999999999996,0.04651245117190683,0.6155000000000315,1.1633059299191295,0.49669407008083866
2026-09-17,760.785,762.54,759.81647,760.46594,2.7235327148437136,2.0740576171874636,1.7549999999999955,1.0591282226562555,0.9191583333333616,0,0.45,1,0.4166666666666667,0,2.199999999999932,2.417633056640625,2.2414999999999963,0.2176330566406932,0.041500000000064485,2.438179840464045,0.2381798404641131
2026-09-18,759.93,759.0,759.15094,758.922,0.15093994140625,0.0780029296875,0.92999999999995,0.2525830078124803,0.43749999999998107,1,0.1,0,1.0,1,1.2200000000000273,1.97772216796875,2.3154999999999974,0.7577221679687227,1.0954999999999702,2.2808701770461655,1.0608701770461382
2026-09-21,769.22,770.74,761.53357,762.9047,9.206430664062509,7.835275878906259,1.5199999999999818,3.3277678385416607,0.9703166666666334,0,0.0,1,0.16666666666666666,0,2.2450000000000045,7.974090576171875,2.030499999999995,5.7290905761718705,0.21450000000000946,2.307684360067133,0.06268436006712852
2026-09-22,773.41,773.035,771.92993,771.705,1.1050683593749682,1.3299829101562182,0.375,0.670943204752613,0.30250833333330246,1,0.15,0,1.0,1,1.2199999999999136,1.984222412109375,2.149000000000001,0.7642224121094614,0.9290000000000873,1.508094560507053,0.28809456050713944
2026-09-23,770.24,768.63,770.26825,770.92206,1.6382495117187545,2.2920581054687545,1.6100000000000136,1.4237201090494789,1.0001916666666755,0,0.75,0,0.16666666666666666,0,2.0399999999999636,1.8861083984375,2.167999999999995,0.15389160156246362,0.1280000000000312,3.453216254849869,1.4132162548499054
2026-09-24,764.49,764.285,763.7404,763.6817,0.5445825195312182,0.6032983398437182,0.20500000000004093,0.41710978190102804,0.5525000000000091,1,0.25,0,0.9166666666666666,1,1.5249999999999773,1.73382568359375,2.018999999999994,0.20882568359377274,0.49400000000001665,1.7650247109287576,0.2400247109287803
2026-09-25,768.7754,769.94,769.62537,768.73615,0.31463378906255457,1.2038549804688046,1.164600000000064,0.5049437662760473,0.4543166666666707,0,0.55,1,0.9166666666666666,1,2.5249999999999773,1.717132568359375,1.9964999999999917,0.8078674316406023,0.5284999999999855,2.546741975915835,0.021741975915857914
2026-09-28,764.155,765.505,765.7356,765.57367,0.23059570312500455,0.06866943359375455,1.3500000000000227,0.3135706705729149,0.9944666666667104,1,1.0,1,0.9166666666666666,1,1.6499999999999773,2.1710205078125,2.002999999999986,0.5210205078125227,0.35300000000000864,2.9933856416675346,1.3433856416675574
2026-09-29,764.86,763.3,765.01807,764.8639,1.7180664062500455,1.5638916015625455,1.5600000000000591,1.302911010742207,1.2562083333333665,0,0.55,0,0.0,0,2.3799999999999955,1.2689208984375,1.7599999999999796,1.1110791015624955,0.6200000000000159,1.2715692959421978,1.1084307040577976
2026-09-30,768.5283,768.71,767.8862,768.5707,0.8237695312500364,0.13932128906253638,0.18170000000009168,0.2294421305338498,0.24417499999998427,1,0.5,1,1.0,1,1.4950000000000045,1.472198486328125,1.8664999999999736,0.022801513671879547,0.3714999999999691,1.9431726938282963,0.4481726938282917
2026-10-01,760.41,760.67,763.08386,763.55066,2.413862304687541,2.880659179687541,0.2599999999999909,2.1887741292317933,0.4688333333333314,1,1.0,1,0.16666666666666666,0,2.5398999999999887,3.74078369140625,1.8499999999999772,1.2008836914062613,0.6899000000000115,3.02270913444096,0.4828091344409713
2026-10-02,770.97,769.23,770.14136,770.29016,0.9113574218749818,1.0601611328124818,1.740000000000009,1.796077311197924,2.108708333333368,1,0.25,0,0.0,0,3.9750000000000227,1.852691650390625,1.883989999999983,2.1223083496093977,2.09101000000004,1.840923698396407,2.1340763016036157
