Datetime,actual,path0,mean,p10,p90
2026-10-05 11:00:00,7756.6298828125,7749.792,7753.2017,7749.792,7759.341
2026-10-05 11:05:00,7752.7998046875,7748.3223,7752.372,7748.1562,7756.454
2026-10-05 11:10:00,7754.6298828125,7747.6333,7751.248,7746.3057,7756.281
2026-10-05 11:15:00,7755.02978515625,7747.184,7750.002,7745.0303,7755.628
2026-10-05 11:20:00,7756.60986328125,7750.9077,7749.8994,7741.723,7755.469
2026-10-05 11:25:00,7757.2900390625,7752.1357,7748.5557,7741.735,7754.789
2026-10-05 11:30:00,7759.02001953125,7752.783,7747.8047,7740.555,7753.751
2026-10-05 11:35:00,7759.5400390625,7753.1885,7746.704,7738.6094,7753.968
2026-10-05 11:40:00,7761.990234375,7749.3716,7745.9893,7735.3096,7753.721
2026-10-05 11:45:00,7762.2900390625,7748.1313,7745.118,7735.5938,7751.191
2026-10-05 11:50:00,7761.7998046875,7747.5312,7743.852,7734.9404,7748.9443
2026-10-05 11:55:00,7762.02978515625,7747.087,7742.804,7731.721,7748.8784
2026-10-05 12:00:00,7758.81982421875,7743.822,7742.046,7731.8125,7748.5625
2026-10-05 12:05:00,7760.43017578125,7740.864,7740.9097,7730.281,7747.416
2026-10-05 12:10:00,7760.81005859375,7741.0273,7738.974,7731.748,7745.739
2026-10-05 12:15:00,7758.52001953125,7742.474,7736.5464,7727.701,7744.891
2026-10-05 12:20:00,7763.89013671875,7743.401,7735.219,7728.9756,7744.035
2026-10-05 12:25:00,7764.7099609375,7741.9893,7734.1704,7725.657,7742.6055
2026-10-05 12:30:00,7765.43017578125,7740.172,7732.7188,7723.476,7742.4814
2026-10-05 12:35:00,7768.31005859375,7732.437,7731.54,7721.2856,7742.1343
2026-10-05 12:40:00,7773.240234375,7732.053,7730.273,7721.175,7742.4663
2026-10-05 12:45:00,7771.85009765625,7726.945,7728.5796,7720.3696,7740.3325
2026-10-05 12:50:00,7772.419921875,7722.0024,7727.365,7716.893,7742.0103
2026-10-05 12:55:00,7769.66015625,7725.8564,7726.096,7715.199,7739.449
2026-10-05 13:00:00,7767.22021484375,7724.0825,7725.0894,7715.2114,7736.0254
2026-10-05 13:05:00,7768.68017578125,7722.5015,7722.7896,7712.253,7733.026
2026-10-05 13:10:00,7770.60986328125,7718.3477,7720.9663,7708.5493,7732.7646
2026-10-05 13:15:00,7771.68017578125,7720.6675,7718.5796,7708.4326,7731.167
2026-10-05 13:20:00,7772.419921875,7712.489,7716.0986,7703.082,7730.312
2026-10-05 13:25:00,7772.2099609375,7710.1963,7713.8066,7700.737,7729.4224
2026-10-05 13:30:00,7771.2900390625,7708.7363,7712.807,7693.881,7727.491
2026-10-05 13:35:00,7770.240234375,7704.184,7711.6084,7694.9473,7724.782
2026-10-05 13:40:00,7776.89013671875,7700.432,7709.3774,7692.8413,7721.1963
2026-10-05 13:45:00,7775.64013671875,7688.3774,7706.8213,7686.7793,7722.688
2026-10-05 13:50:00,7774.91015625,7694.9663,7705.0703,7685.6895,7719.1226
2026-10-05 13:55:00,7776.27978515625,7691.1553,7703.527,7684.778,7715.6997
2026-10-05 14:00:00,7777.1201171875,7694.285,7702.849,7683.79,7716.951
2026-10-05 14:05:00,7775.3798828125,7695.272,7701.3706,7685.595,7716.3843
2026-10-05 14:10:00,7776.2900390625,7697.7925,7699.9346,7683.193,7714.1357
2026-10-05 14:15:00,7776.89013671875,7695.5024,7698.8506,7678.922,7713.3574
2026-10-05 14:20:00,7778.06005859375,7693.8887,7697.2817,7680.0146,7709.1665
2026-10-05 14:25:00,7780.27978515625,7686.799,7697.0947,7684.1826,7708.1924
2026-10-05 14:30:00,7779.9599609375,7686.07,7695.7993,7683.583,7708.715
2026-10-05 14:35:00,7780.509765625,7684.409,7694.8257,7681.5586,7705.8755
2026-10-05 14:40:00,7779.919921875,7680.8926,7693.5513,7680.354,7704.41
2026-10-05 14:45:00,7779.8798828125,7678.9595,7692.9546,7678.835,7702.9355
2026-10-05 14:50:00,7781.10986328125,7675.14,7691.6973,7676.772,7701.1074
2026-10-05 14:55:00,7784.27001953125,7674.504,7691.1646,7677.7407,7700.881
2026-10-05 15:00:00,7787.669921875,7673.268,7689.9097,7672.999,7700.6934
2026-10-05 15:05:00,7786.60009765625,7669.959,7688.8394,7675.2793,7696.0796
2026-10-05 15:10:00,7790.3701171875,7672.0796,7688.3486,7673.164,7697.142
2026-10-05 15:15:00,7793.259765625,7667.052,7687.266,7670.5747,7696.99
2026-10-05 15:20:00,7790.93017578125,7667.2905,7685.8667,7667.2686,7697.769
2026-10-05 15:25:00,7790.1201171875,7668.158,7683.2754,7668.107,7697.219
2026-10-05 15:30:00,7786.7998046875,7661.1924,7682.713,7668.6963,7695.949
2026-10-05 15:35:00,7786.77978515625,7661.468,7681.5835,7668.3467,7696.189
2026-10-05 15:40:00,7784.580078125,7657.958,7680.794,7669.2246,7696.088
2026-10-05 15:45:00,7778.43994140625,7656.1284,7679.4683,7667.069,7696.1084
2026-10-05 15:50:00,7771.740234375,7657.434,7678.117,7664.3936,7695.7666
2026-10-05 15:55:00,7774.22021484375,7638.3745,7673.8276,7661.811,7686.9966
