strategy,side,trades,per_year,win10,avg_r5,avg_r10,avg_r20,excess10,t_excess10,excess10_1st_half,excess10_2nd_half,excess20,bracket_win,bracket_avgR,bracket_PF
Ankush Bajaj Momentum + Skipper filter,Long,83.0,8.30341002465078,0.46987951807228917,0.015622565107044241,0.012304056869783597,0.010063505816212993,0.010509943264023824,0.9638585209543167,0.004611314477666721,0.020404417357267998,0.004913020201512123,0.4024390243902439,-0.1263136001262615,1.2074894512656829
Ankush Bajaj Momentum,Long,98.0,9.804026294165983,0.47959183673469385,0.013663502057801594,0.009537427957553362,0.008294031521752803,0.006296359787836357,0.6714237907705669,4.0752020420643514e-05,0.017556453769184636,0.00023966403934466495,0.4020618556701031,-0.11153700557535672,1.1433461950605341
MSS Break + Skipper filter,Long,4865.0,486.699876746097,0.5738951695786229,0.003479326779922323,0.007925238544424909,0.018092945175400603,0.0017446648600417702,1.8610368521131624,0.002302003022643359,0.0012078518988957638,0.002947917870153617,0.4452705493597687,0.18805991490872861,1.347603743002946
Liquidity Sweep + Skipper filter,Short,270.0,27.011092851273624,0.43703703703703706,-0.006331647473110279,-0.004643693283261888,-0.015581649286758268,0.0014829307850104687,0.46372061307906304,0.006207386580189087,-0.002202144735228856,-0.0012108969661043746,0.2878787878787879,-0.21574819659968128,0.7959024524058462
Liquidity Sweep,Short,1537.0,153.76314708299097,0.4515289525048796,-0.003357783491136524,-0.003929704078086094,-0.012835403131547667,0.0012615168986529768,0.8838849744955951,-0.00028903294633847866,0.0025551929397923064,-0.0002730869172690019,0.3066316480630335,-0.1678326776659546,0.8504271860601466
Retracement to Order Block,Short,4472.0,447.3837304847987,0.46422182468694095,-2.8330854205521185e-05,-0.002344891136706946,-0.009985899873388882,0.0011592286414147332,1.3440866496275377,0.0016358017112871647,0.0007198846287917243,0.002247338028591483,0.3394950405770965,-0.09283496610407695,0.9409588136919758
Displacement + Skipper filter,Long,14895.0,1490.111955628595,0.5451493789862369,0.0015521433597055804,0.005410539388083004,0.009081692281408234,0.0010272369840229828,2.1221190812105033,0.0006311505836552197,0.0014095478325133698,0.0010236775966768281,0.40685051581147597,0.09782597619126904,1.1816271406779353
Retracement to Order Block,Long,5410.0,541.2222678718159,0.5621072088724585,0.0038670447498735795,0.006419166018713093,0.010857852310075832,0.0007564343102552543,0.982704612329997,0.001701957453741278,-0.00019013980374964977,0.0011687659539449296,0.431780211620568,0.16587299456201274,1.3412285536861681
MSS Retracement + Skipper filter,Long,1078.0,107.84428923582581,0.5083487940630798,0.0015169856036755583,0.001700545012955125,0.011280683010803984,0.0007183733144443235,0.39777218085247995,0.0016323560869921376,-0.00012079948027929224,0.002613365466577224,0.3754646840148699,0.006305346670615492,1.0355303368909916
Retracement to Order Block + Skipper filter,Short,1495.0,149.5614215283484,0.46020066889632105,0.0003023261881596094,0.0004795204588567885,-0.009602293854110659,0.0007031454424116518,0.47691535765016435,-0.0005025309351955274,0.0021159103390255953,0.0030827951023201326,0.3472409152086137,-0.05893330720923234,0.9894703804108749
Liquidity Void Fill,Long,21544.0,2155.2851273623664,0.5448848867434088,0.0033747010372258152,0.005213565261477765,0.009954949539023476,0.0006842473731152967,1.6710846235252947,0.0006027892620863348,0.0007599079359441179,-0.00012308784391260093,0.41533442088091355,0.11991564208536978,1.2668556785900043
Displacement Retracement + Skipper filter,Long,9005.0,900.8699671322926,0.5468073292615214,0.002284302114583579,0.004311987811126136,0.007019621676855167,0.0006405084479062813,1.0100446984310159,0.0009270931776910168,0.0003615382882365987,-0.00017081861137757502,0.40109338391163674,0.08820996300992673,1.1585018736222192
Displacement Retracement,Long,24419.0,2442.9032456861137,0.5462140136778738,0.0029980392312592783,0.005367773200840433,0.009612716574972088,0.0004421213146274522,1.2059642982923846,0.0005942791670856563,0.000294868211169961,-0.00021914555812277382,0.4093697254127043,0.1144885083972721,1.2375455040567467
Liquidity Void Fill + Skipper filter,Long,7959.0,796.2269926047659,0.5406458097750974,0.0023804968773377057,0.0039815513420323285,0.007846628624892629,0.00043149087771345517,0.6046744242134597,-0.000494363158580267,0.0012346518509269,-0.00019746873404683898,0.4031993953898476,0.09135251926946296,1.1826728439728909
RSI Directional Momentum + Skipper filter,Long,8272.0,827.5398520953164,0.5512572533849129,0.0026709827030778894,0.005596508027262923,0.010501485836278463,0.00019651797854638645,0.292684575045832,-0.00033793283028037753,0.0006705802467600618,-0.00014207103808428466,0.42077764277035234,0.12315452230009463,1.2411826459441282
FVG First Touch Confirmed + Skipper filter,Long,10241.0,1024.520747740345,0.5424274973147154,0.0031757525054210353,0.005386058635709384,0.010778386277188086,0.00017776811865698387,0.28429616391701923,-0.0013030328441702985,0.001412388577083102,0.0007771426336061908,0.42164069391355485,0.11181121840069247,1.2427422604029645
Displacement,Long,40028.0,4004.444535743632,0.5401718796842211,0.001545680844038456,0.0050241704725628115,0.01019969412219178,4.6468000514675186e-05,0.16465073036228317,0.00019163325087447722,-9.924413520663911e-05,-0.00011687489544380314,0.4095089712016887,0.10804824514163927,1.2056842350267587
Liquidity Sweep,Long,2404.0,240.49876746096962,0.531198003327787,0.0035612610922431498,0.0020898587531963226,0.0062724281987068115,4.6034246803990446e-05,0.04004075172377593,0.0004046991183550389,-0.00036630180176231363,-0.0008522394320915908,0.4106320636249477,0.1073725260341806,1.2265343607459391
Sideways Market Skipper,Short,7443.0,744.6057929334429,0.43799543194948276,-0.0049238863836061665,-0.003961601528568084,-0.012330118039995529,-3.770694488698737e-05,-0.05477270284768722,-0.0017676611680562892,0.0016658604999251695,0.0007381472281888971,0.3008572594910872,-0.1927360319472681,0.8492855880781464
FVG First Touch Confirmed,Long,22366.0,2237.5188989317994,0.5463203076097648,0.002769401558706574,0.005690914926231417,0.01096730133116019,-4.874271260343934e-05,-0.12400888478748602,-0.0005868524043050537,0.000449295474745902,3.382341786993822e-05,0.41945479858085954,0.1201541081474428,1.245851537882869
MSS Break,Long,10612.0,1061.6359901396877,0.5494722955145118,0.002274190610033604,0.005446225463222471,0.013846483934090622,-0.00010351588591217946,-0.17526592231271176,0.0003856397768429305,-0.0005825858648991427,0.00038176262681606515,0.4215276458293749,0.12774609083293115,1.2608400882148167
Displacement + Skipper filter,Short,13206.0,1321.1425636811832,0.43911858246251706,-0.005397445719817597,-0.005067144772208357,-0.015665445309699932,-0.00016334447562061497,-0.3160555750833416,-0.0003480825539607252,3.7924187549547986e-05,-0.00023283584902034028,0.30280616135427785,-0.2044325029233092,0.7853166293602791
Sideways Market Skipper,Long,8623.0,862.6542728019721,0.5521280296880436,0.0016368006834090068,0.005613906955671551,0.008922388474728253,-0.00021280626313610504,-0.34043839991640124,-0.0007970521420909037,0.00034013365305308525,-0.0010541991572975142,0.41309911586784553,0.09940951532794383,1.1731826474497848
MSS Retracement,Long,5816.0,581.8389482333607,0.5398899587345255,0.0014798853545025254,0.0030524120006494974,0.00993230609239785,-0.00023117337685964935,-0.2852785673222346,-0.0001135482220098443,-0.0003382180812073139,-0.0002639664756151548,0.4017005032101336,0.08379483625993167,1.1339968703909407
Liquidity Void Fill,Short,21729.0,2173.792728019721,0.45326522159326244,-0.002159465060954074,-0.00449707203864964,-0.011767061804523238,-0.00030045075588150204,-0.7667919538699626,-0.00028025147570104363,-0.00032013683921584786,7.78108935729506e-06,0.32924620314894804,-0.11935424619120776,0.9081113683134902
Displacement Retracement,Short,22521.0,2253.025267050123,0.4418986723502509,-0.0029155162637757043,-0.006561273723739828,-0.0149667408539978,-0.00037588306602403816,-0.9829455818208637,-0.0009533770042707578,0.00017959809066490679,0.00020894589951714768,0.3157020340352925,-0.15672815060506257,0.8487823442194664
MSS Retracement + Skipper filter,Short,1215.0,121.54991783073132,0.4403292181069959,-0.0052191163939657725,-0.007909088625050915,-0.014531366745862622,-0.00039329925299269505,-0.23463969315520436,-0.004684550871150514,0.003848708494137083,0.0009181536662188055,0.30502885408079145,-0.20449089963314956,0.8108843462844906
Retracement to Order Block + Skipper filter,Long,1297.0,129.75328677074774,0.5574402467232074,0.0026737856228041135,0.004076831588474343,0.007555154184244081,-0.0005222379890516636,-0.34149364651126846,-0.0020691620537214373,0.0008921578691914527,0.0005537802878313194,0.4355212355212355,0.15501501849904,1.2920479449311182
MSS Break + Skipper filter,Short,5736.0,573.835661462613,0.44926778242677823,-0.0033876875545468654,-0.003964190617669278,-0.008743370613895185,-0.0006360328514850616,-0.8353293766460935,-0.001818249737585875,0.0005395978681193682,0.0001791586010794882,0.33940774487471526,-0.11313579176894775,0.9399288407252223
Liquidity Void Fill + Skipper filter,Short,7706.0,770.9165981922761,0.45107708279262915,-0.0019583757222243303,-0.003854059055110833,-0.013688572905492321,-0.0007024005988944054,-1.042842226908034,-0.0005127550887252753,-0.0008982252872756685,0.00023306828613488687,0.3290196078431373,-0.12120998423566481,0.9122772695319595
MSS Retracement,Short,6887.0,688.9829498767461,0.4469289966603746,-0.002775604385238522,-0.00673648952262542,-0.012655425611430944,-0.0007496402127808762,-1.0410500474293503,-0.0013340996960033832,-0.00019406341915811814,0.0005374016744972338,0.3272594752186589,-0.13032138327871468,0.9042433501329844
Displacement,Short,34557.0,3457.119761709121,0.44286251700089707,-0.004112002705069155,-0.006434849349152987,-0.013811961026630563,-0.000764242478158262,-2.449664621001962,-0.0014053216486542737,-0.0001530572468039466,-0.0005170055610047925,0.3140270697837933,-0.16865144432925083,0.8265228944514195
FVG First Touch Confirmed + Skipper filter,Short,9959.0,996.3091618734594,0.4407068982829601,0.0014333121423870973,-0.0019948591355810983,-0.014741340214496091,-0.0007745520131693802,-1.2174902043219378,0.0006427901060245877,-0.002221278054346638,-0.0006757638574578257,0.32834613829357057,-0.12411145559838753,0.9915836203251596
RSI Directional Momentum,Long,17508.0,1751.519309778143,0.5457505140507197,0.002006998327678875,0.004436041097140115,0.00861432706062906,-0.0008743883718434802,-2.0702804874092218,-0.001070682435423782,-0.0006635505543241963,-0.0017244561783616174,0.40841839660511525,0.10098517934097945,1.1880276360911175
MSS Break,Short,10585.0,1058.9348808545603,0.4502598016060463,-0.0035084031451541506,-0.005539338739383035,-0.011023685897905523,-0.0009784261194774877,-1.74167236374401,-0.0016622171352610423,-0.00036114215494089275,-0.0007114279967033399,0.3320962984108859,-0.13274532824734334,0.8965638995292183
RSI Directional Momentum + Skipper filter,Short,7043.0,704.5893590797042,0.42751668323157743,-0.0006701819008314397,-0.005090850798637452,-0.016702273807354916,-0.0010451761873512516,-1.4589732925615828,0.000521345774256944,-0.0026300961439253414,-0.001146132339387207,0.3234620886981402,-0.1385859726117453,0.9348259205658582
Displacement Retracement + Skipper filter,Short,7826.0,782.9215283483977,0.4262714030155891,-0.004488035853414334,-0.00801719588996993,-0.019193014682942315,-0.001069641254371933,-1.6518116737595065,-0.0018508585845596116,-0.0002263266277329534,-0.00010598342009710599,0.3019062339000515,-0.20387969619933172,0.7893802711217329
FVG First Touch Confirmed,Short,18696.0,1870.368118323747,0.4380616174582799,-0.0016911405399666617,-0.0055310027603260965,-0.01642513167203496,-0.0012139704385420134,-2.644259445749382,-0.00015517895145632403,-0.0021549274667321972,-0.0019408039463978976,0.3197768872522474,-0.15619269294085206,0.8973478805612737
RSI Directional Momentum,Short,12330.0,1233.5065735414955,0.43276561232765615,-0.002177834795693149,-0.007025985023950531,-0.01799517392333795,-0.0014446400499741484,-2.6385611688730175,-0.0014760210278954627,-0.0014182913369807561,-0.0027247906955830334,0.3230401844532279,-0.14397646774517595,0.8926293887423856
Liquidity Sweep + Skipper filter,Long,519.0,51.921322925225965,0.5086705202312138,0.002502901496882506,0.000371305081106086,0.0075802538175227625,-0.0038209321370578438,-1.7874933838783496,-0.0045126926971315075,-0.003010501355381585,-0.003096305186965701,0.390715667311412,0.050695745546661064,1.2108548599009472
Ankush Bajaj Momentum,Short,90.0,9.003697617091209,0.3888888888888889,-0.02265850493620117,-0.01825342366202189,-0.03222805239485453,-0.011871435026458928,-1.3391353983346546,-0.006871668089007276,-0.018281392638576425,-0.020269314955700925,0.3258426966292135,-0.2517975283904215,0.7527083817676499
Ankush Bajaj Momentum + Skipper filter,Short,87.0,8.703574363188167,0.3793103448275862,-0.024166309078180688,-0.020264287197489884,-0.03395344840243346,-0.013840920922013104,-1.530191187826643,-0.007674826157925363,-0.022006830204183352,-0.023314291174694336,0.313953488372093,-0.2674478062295484,0.7415605796446504
