date,tk,rvol,breakout_candle,side,entry,stop,exit,how,t_entry,direction_open,long_drift,in_play,first_dir
2026-10-05,CBRS,5.9858160680182815,-0.017208723415769178,1.0,184.79,174.5,181.61,close,10:50,-0.0063739570510189525,-0.0063739570510189525,True,1.0
2026-10-05,WDC,3.7542477712415856,-0.009137567071995312,1.0,445.6219,429.44,441.55,close,09:35,-0.007485164538752032,-0.007485164538752032,True,1.0
2026-10-05,MELI,3.53327846462924,0.02285839881312146,1.0,1819.9,1769.76,1861.5,close,09:35,0.03609495449865019,0.03609495449865019,True,1.0
2026-10-05,STX,2.9754426449026763,-0.014555717285747671,1.0,899.99,875.0,886.89,close,09:45,-0.013459549049488873,-0.013459549049488873,True,1.0
2026-10-05,BAC,1.7674063426807847,-0.0076264880952381375,-1.0,53.76,54.17,54.17,stop,09:35,-0.007532781549335121,0.0053008462754580155,True,-1.0
2026-10-05,WFC,1.6744718798517029,-0.0033877425315675946,-1.0,81.175,82.22,81.45,close,09:35,-0.0019682617788165935,0.0019682617788165935,True,-1.0
2026-10-05,MSFT,1.6278868523756427,-0.00606912538622395,1.0,528.7088,521.47,525.5,close,09:35,-0.004942152203139538,-0.004942152203139538,True,1.0
2026-10-05,UBER,1.6269813483247995,-0.0019388194743643616,1.0,69.63,68.38,69.495,close,10:05,0.004263005780346774,0.004263005780346774,True,1.0
2026-10-05,APP,1.6241157604022152,0.008406668097588721,1.0,279.54,270.0,281.89,close,09:40,0.013555299870559478,0.013555299870559478,True,1.0
2026-10-05,LITE,1.5942365658486155,-0.007339787920700891,-1.0,1084.5,1124.4,1092.46,close,09:45,-0.02974291989675637,-0.022621438700240137,True,1.0
2026-10-05,NKE,1.5793818697859563,-0.02768532526475065,-1.0,33.05,34.12,33.965,close,09:40,-0.02058293269230771,0.02058293269230771,False,-1.0
2026-10-05,RKLB,1.465662972103742,,,,,,,,-0.016274864376130127,0.016274864376130127,False,-1.0
2026-10-05,SPCX,1.387286727629661,0.058597859043376,1.0,161.61,158.62,171.08,close,09:35,0.05906426410373622,0.05906426410373622,False,1.0
2026-10-05,VRT,1.349506963490282,-0.019596875686689774,-1.0,250.295,255.2,255.2,stop,09:45,-0.015337484334281504,0.009727665161431531,False,-1.0
2026-10-05,TSM,1.349035161331706,-0.005294424179260071,1.0,479.75,477.21,477.21,stop,09:35,-0.0038617292197220543,0.0144658289149584,False,1.0
2026-10-05,MRVL,1.1808278901202618,0.002757048854905686,-1.0,272.03,279.48,271.28,close,09:35,0.0060685290541874215,-0.0060685290541874215,False,-1.0
2026-10-05,PG,1.0787993374615255,-0.007046145344017818,-1.0,144.76,145.78,145.78,stop,09:35,-0.0034421038138510163,0.004818945339391645,False,1.0
2026-10-05,LRCX,1.0076652609989554,-0.001766477470172667,-1.0,345.32,351.365,345.93,close,09:40,-0.012426179343085653,-0.010681652438762845,False,1.0
2026-10-05,NVDA,1.0039656918413093,0.00686373589354905,1.0,237.48,235.15,239.11,close,09:35,0.007203032855939373,0.007203032855939373,False,1.0
2026-10-05,MDT,0.9692653835401347,-0.01026803402866805,-1.0,85.81,86.6911,86.6911,stop,09:35,-0.004997681428240197,0.019707859958265628,False,-1.0
2026-10-05,INTC,0.9585552500454538,-0.0039403803323624365,1.0,116.74,115.31,116.28,close,09:35,-0.0004186670937095238,-0.0004186670937095238,False,1.0
2026-10-05,CRDO,0.9495601442740967,-0.0011778563015312216,-1.0,212.25,220.96,212.5,close,09:35,-0.0011778563015312216,0.0011778563015312216,False,-1.0
2026-10-05,COHR,0.9413393018719477,0.0034642377183814466,-1.0,334.85,341.76,333.69,close,09:35,0.0050538932868196,-0.0050538932868196,False,-1.0
2026-10-05,KO,0.9144730479642184,-0.004797566112801466,-1.0,85.46,85.87,85.87,stop,09:35,-0.004797566112801466,0.012286449801076627,False,-1.0
2026-10-05,TSLA,0.9045588754500559,0.02583265637692933,1.0,369.3,364.91,378.84,close,09:35,-0.0068157033805889,0.03282442748091596,False,-1.0
2026-10-05,AMD,0.8994698326220222,0.0013631320336027208,1.0,630.9,619.99,631.76,close,09:40,-0.0054303437889695605,0.006800878098144558,False,-1.0
2026-10-05,ACN,0.8956627016504382,-0.018575654036411704,-1.0,196.09,199.7325,199.7325,stop,09:35,-0.011692959024242722,-0.01673302756917494,False,1.0
2026-10-05,HPE,0.8879775733997337,-0.018924154373416657,-1.0,67.11,69.1,68.38,close,09:35,-0.018393030009680622,0.018393030009680622,False,-1.0
2026-10-05,MRK,0.8553350610184473,0.019567202978992615,-1.0,142.33,144.06,139.545,close,09:35,0.02087426326129682,-0.02087426326129682,False,-1.0
2026-10-05,LLY,0.8534514651516845,-0.015312569827600986,1.0,1163.58,1145.7626,1145.7626,stop,09:35,-0.014033061691636428,-0.015472389787190122,False,1.0
2026-10-05,HOOD,0.8443574985460126,-0.01790145338532434,-1.0,112.84,114.86,114.86,stop,09:35,-0.014586048009088248,0.008137782163305296,False,-1.0
2026-10-05,GE,0.8410676762118887,0.0027353544563482046,-1.0,307.09,309.68,306.25,close,09:35,0.0029626253418414406,-0.0029626253418414406,False,-1.0
2026-10-05,MSTR,0.838278293483978,-0.01743926491660286,-1.0,162.3979,165.23,165.23,stop,09:35,-0.010997397545971399,0.006041228012519717,False,-1.0
2026-10-05,GLW,0.8209797191857234,0.015713996374073003,-1.0,161.9448,164.84,159.4,close,09:35,0.021410482695111588,-0.021410482695111588,False,-1.0
2026-10-05,NBIS,0.8184128041081218,0.019467385808191517,-1.0,237.32,244.49,232.7,close,09:45,0.027417871771294844,-0.027417871771294844,False,-1.0
2026-10-05,SMCI,0.8125395960500391,-0.006638714185884131,-1.0,42.93,44.049,43.215,close,09:35,-0.006134826490343803,0.006134826490343803,False,-1.0
2026-10-05,PEP,0.809394537334399,-0.003193612774451182,-1.0,125.25,126.05,125.65,close,09:35,-0.001993620414673103,0.001993620414673103,False,-1.0
2026-10-05,BKNG,0.8014652051395095,-0.01383285302593662,-1.0,156.15,158.8,158.31,close,09:35,-0.013703015944163566,0.013703015944163566,False,-1.0
2026-10-05,ASML,0.7960787384238475,-0.006743243243243269,-1.0,1850.0,1862.475,1862.475,stop,09:45,-0.00497512437810943,0.0007691273362915307,False,1.0
2026-10-05,SHOP,0.790573549736784,0.030310830812793732,1.0,155.39,151.7,160.1,close,09:35,0.032037645845419904,0.032037645845419904,False,1.0
2026-10-05,IREN,0.775871653978107,0.007161068889433686,-1.0,40.79,42.2,40.4979,close,09:35,0.008012247397428118,-0.008012247397428118,False,-1.0
2026-10-05,TJX,0.7729083248120221,0.0005209496167297711,1.0,134.37,133.34,134.44,close,09:40,0.005534779356769048,0.005534779356769048,False,1.0
2026-10-05,KLAC,0.7537801658567751,-0.008006248779535152,-1.0,204.84,206.48,206.48,stop,09:35,-0.0022892211777312266,0.0075008523695874185,False,1.0
2026-10-05,AAPL,0.7438809175202168,,,,,,,,-0.008925649340989605,-0.008925649340989605,False,1.0
2026-10-05,DELL,0.7400911699127596,-0.005573770491803076,-1.0,549.0,560.555,552.06,close,09:35,-0.0043480633834847016,0.0043480633834847016,False,-1.0
2026-10-05,ALAB,0.7378398963148391,-0.019417184632442908,-1.0,350.2001,357.0,357.0,stop,09:35,-0.010901824549511385,0.023837767610009664,False,1.0
2026-10-05,ADI,0.7327343476727888,-0.00924944599672406,-1.0,415.16,419.0,419.0,stop,09:35,-0.007381049695862174,0.007621474767388836,False,-1.0
2026-10-05,AMAT,0.7293710411609907,-0.006122448979591688,-1.0,539.0,545.814,542.3,close,09:40,-0.008462286890675741,-0.002391647830822796,False,1.0
2026-10-05,ORCL,0.7244136954163736,-0.014666205465237003,1.0,144.55,142.43,142.43,stop,09:35,-0.013301004502944136,-0.012469691721510134,False,1.0
2026-10-05,TXN,0.718033722709885,-0.006391414314033783,1.0,292.58,290.71,290.71,stop,09:35,-0.004792715073088982,0.010167402690766991,False,1.0
2026-10-05,COIN,0.7108948464430184,-0.01667563206024747,-1.0,185.9,189.0,189.0,stop,09:35,-0.00588262938023143,0.006363356519280439,False,1.0
2026-10-05,NFLX,0.7098948612945465,-0.005685415017337769,-1.0,66.8201,67.2,67.2,stop,09:35,-0.00523560209424101,0.00957367240089746,False,-1.0
2026-10-05,QCOM,0.6997635436743055,0.014441416893733017,-1.0,183.5,185.48,180.85,close,09:40,0.01898562516951452,-0.01898562516951452,False,-1.0
2026-10-05,AMZN,0.6967720073775063,-0.0012309891593534905,1.0,251.83,250.18,251.52,close,09:35,0.015564512910563266,0.0037913557089834793,False,1.0
2026-10-05,AVGO,0.6907859670102477,-0.005210493861763643,-1.0,356.78,358.639,358.639,stop,09:35,-0.004094172929111739,0.01595385053396714,False,-1.0
2026-10-05,JNJ,0.6896872938679123,0.005895994654298131,-1.0,254.41,256.24,252.91,close,09:35,0.007300702594496999,-0.007300702594496999,False,-1.0
2026-10-05,HD,0.6869484142697159,0.0020939806927881,-1.0,281.76,283.54,281.17,close,09:35,0.0024834143399439235,-0.0024834143399439235,False,-1.0
2026-10-05,MRNA,0.6729810292369388,0.05126745990688053,1.0,193.3,185.9,203.21,close,10:50,-0.029396101821280274,0.08217062519970186,False,-1.0
2026-10-05,UNH,0.6648497532372425,-0.006304789862781268,-1.0,371.305,373.646,373.646,stop,09:40,-0.004290637025515798,0.015486518013971384,False,1.0
2026-10-05,V,0.6592358115449359,0.025170482896268664,1.0,360.74,359.05,369.82,close,09:40,0.02528058673185818,0.027391932436937383,False,1.0
2026-10-05,JPM,0.6569846773307736,-0.003864850991877944,-1.0,331.19,333.75,332.47,close,09:35,-0.0036678691642391126,0.0036678691642391126,False,-1.0
2026-10-05,AZO,0.6494977320317875,-0.012983599663582757,-1.0,2758.48,2794.295,2794.295,stop,09:35,-0.010167487898429917,0.015534113955396833,False,-1.0
2026-10-05,SKHY,0.6362071169716998,-0.00973755467610915,-1.0,192.04,193.91,193.91,stop,09:40,-0.004071078186964616,0.009611566318881826,False,-1.0
2026-10-05,GS,0.6212787332613398,-0.00041366787304863983,-1.0,893.4704,905.243,893.84,close,09:35,0.00017897091722596237,-0.00017897091722596237,False,-1.0
2026-10-05,ADBE,0.6147781024532032,-0.009403995653264219,1.0,239.26,237.01,237.01,stop,09:35,-0.009155518394648787,-0.001630434782608603,False,1.0
2026-10-05,SNDK,0.6109140358393709,-0.011762219272042684,1.0,1735.4123,1715.0,1715.0,stop,09:35,-0.006638758289736479,-0.012934872982092394,False,1.0
2026-10-05,IBM,0.6095516338237156,-0.007386595368650051,-1.0,220.67,222.3,222.3,stop,09:55,-0.00472305710605414,0.0015140900770604926,False,-1.0
2026-10-05,MCD,0.608965349868111,-0.0037936548940393777,-1.0,231.4918,232.37,232.37,stop,09:35,-0.002632033137728751,0.005350362443907519,False,-1.0
2026-10-05,CAT,0.6075809602153529,-0.009557945041815952,-1.0,837.0,845.0,845.0,stop,09:35,-0.008581898043709346,0.01240137978778022,False,-1.0
2026-10-05,WMT,0.6068183690373138,-0.004438440756464601,-1.0,103.64,104.1,104.1,stop,09:50,-0.003083445750626357,0.012622856041626607,False,-1.0
2026-10-05,MU,0.591034346485969,-6.590327918165606e-05,-1.0,1063.68,1074.88,1063.7501,close,09:35,0.003337341579899844,-0.003337341579899844,False,-1.0
2026-10-05,AMGN,0.5908974662095324,-0.001016109045848923,1.0,403.5,397.03,403.09,close,13:05,0.002262668456909811,0.002262668456909811,False,1.0
2026-10-05,C,0.5835982119787982,-0.009942683354778215,-1.0,128.235,129.51,129.51,stop,09:35,-0.009942683354778215,0.002456427652356874,False,-1.0
2026-10-05,VLO,0.582049887058547,0.023195121951219422,1.0,410.0,404.21,419.51,close,09:50,0.028387223298114828,0.028387223298114828,False,1.0
2026-10-05,MPC,0.575546021366282,0.016340405579650552,1.0,426.55,421.075,433.52,close,09:50,0.02444009901282551,0.02444009901282551,False,1.0
2026-10-05,PANW,0.5716935115599554,0.004741677368369057,1.0,404.92,399.17,406.84,close,09:35,,0.004741677368369057,False,-1.0
2026-10-05,MA,0.5687459718912417,0.018827433229337664,1.0,554.51,551.15,564.95,close,09:40,0.02079719572130667,0.02079719572130667,False,1.0
2026-10-05,MS,0.5539343977185981,-0.009314140558848383,-1.0,188.96,190.72,190.72,stop,09:40,-0.008993757274362357,0.006242725637498614,False,-1.0
2026-10-05,CRWV,0.545260640214111,0.0077185017026105696,-1.0,88.1,90.85,87.42,close,09:45,0.013373963094633456,-0.013373963094633456,False,-1.0
2026-10-05,CSCO,0.5421149330832028,-0.0076640372893510555,-1.0,111.56,112.415,112.415,stop,09:45,-0.004333065308675055,0.007951398195300552,False,-1.0
2026-10-05,PLTR,0.5399910710060932,-0.011361256544502596,1.0,191.0,188.83,188.83,stop,09:35,-0.010739731768650396,-0.007701173512154269,False,1.0
2026-10-05,GOOGL,0.5355594302766874,0.005541050188569763,1.0,344.7,342.4,346.61,close,09:45,0.011959977830285684,0.011084857501239886,False,1.0
2026-10-05,CRCL,0.5325329790686776,-0.016270033997086042,-1.0,82.36,83.7,83.7,stop,09:35,-0.013930950938825015,0.009812235009085457,False,-1.0
2026-10-05,ABBV,0.5278254348130548,-0.007624521072796986,-1.0,261.0,262.99,262.99,stop,09:40,-0.00594149908592323,0.012568555758683875,False,1.0
2026-10-05,NOW,0.5179466589065451,-0.0003671880737312616,1.0,136.17,134.15,136.12,close,09:35,-0.0003671880737312616,-0.0003671880737312616,False,1.0
2026-10-05,TMO,0.5050173637352743,0.026570561456752628,1.0,659.0,648.04,676.51,close,09:50,0.030872380952380984,0.030872380952380984,False,1.0
2026-10-05,CVX,0.5044193719710743,-0.0076622742801366606,-1.0,204.9,207.26,206.47,close,09:35,-0.007023362434765534,0.007023362434765534,False,-1.0
2026-10-05,GEV,0.49581096841984806,-0.007221974276788279,-1.0,985.88,993.0,993.0,stop,09:35,-0.006028063421305907,0.0034243452712627853,False,-1.0
2026-10-05,XOM,0.4799929127221807,-0.009983361064891616,-1.0,162.27,163.89,163.89,stop,09:35,-0.006540764624596962,0.0073391678182097575,False,-1.0
2026-10-05,BA,0.4686258984626107,-0.0017671517671518089,-1.0,192.4,195.23,192.74,close,09:35,-0.0015068849051702582,0.0015068849051702582,False,-1.0
2026-10-05,GOOG,0.44637512604820234,0.007263993438973548,1.0,341.41,339.15,343.89,close,09:45,0.012956800848081373,0.012662328101534337,False,1.0
2026-10-05,ARM,0.4436099295542929,0.006393442622950829,-1.0,305.0,311.0,303.05,close,09:35,0.01286644951140059,-0.01286644951140059,False,-1.0
2026-10-05,WBD,0.40866144390402576,-0.0003231017770597422,1.0,30.95,30.94,30.94,stop,10:05,-0.0003232062055591456,0.0009696186166774368,False,-1.0
2026-10-05,COST,0.40562730512054773,-0.0051017092350685855,1.0,923.22,918.51,918.51,stop,09:35,-0.0010332151480216822,0.0046331542427076045,False,1.0
2026-10-05,META,0.38351422572545035,0.006369717849530998,1.0,737.3796,727.12,742.0765,close,09:40,0.014257597605396022,0.014257597605396022,False,1.0
2026-10-05,CRWD,0.3661289208636967,0.004865914724181186,1.0,271.4392,268.33,272.76,close,09:40,-0.00790613048160127,0.012810515762504027,False,-1.0
2026-10-05,SNOW,0.3549589371987448,0.004786093901400612,-1.0,340.57,343.0,338.94,close,09:35,0.005939025999735947,-0.005939025999735947,False,-1.0
2026-10-05,BE,0.338829244652727,-0.01893594679734001,-1.0,285.7,291.11,291.11,stop,09:35,-0.01531110491071419,3.48772321427937e-05,False,-1.0
2026-10-05,MDB,0.30820003473742996,-0.022155368740686576,-1.0,355.67,363.55,363.55,stop,09:35,-0.018318814599030953,0.007002604969048587,False,-1.0
2026-10-05,CRM,0.2978590903828754,-0.009832297607899942,1.0,234.94,232.63,232.63,stop,09:35,-0.004639627119368939,-0.017211519958948873,False,-1.0
