riyadh,symbol,stock,option_bid,value,pnl,peak_value
17:36:08,AMD,641.85,3.25,325.0,-14.0,325.0
17:37:09,AMD,643.56,3.23,323.0,-16.0,325.0
17:38:10,AMD,643.27,3.25,325.0,-14.0,325.0
17:39:11,AMD,644.56,3.7,370.0,31.0,370.0
17:40:12,AMD,644.04,3.55,355.0,16.0,370.0
17:41:13,AMD,644.31,3.75,375.0,36.0,375.0
17:42:14,AMD,644.33,3.9,390.0,51.0,390.0
17:43:15,AMD,645.28,3.65,365.0,26.0,390.0
17:44:17,AMD,643.19,3.45,345.0,6.0,390.0
17:45:18,AMD,642.12,3.8,380.0,41.0,390.0
17:46:19,AMD,640.27,3.36,336.0,-3.0,390.0
17:47:20,AMD,640.79,3.22,322.0,-17.0,390.0
17:48:21,AMD,640.88,3.0,300.0,-39.0,390.0
17:49:21,AMD,640.85,2.81,281.0,-58.0,390.0
17:50:22,AMD,640.39,3.17,317.0,-22.0,390.0
17:51:23,AMD,639.69,2.91,291.0,-48.0,390.0
17:52:24,AMD,639.06,3.04,304.0,-35.0,390.0
17:53:25,AMD,639.45,2.64,264.0,-75.0,390.0
17:54:26,AMD,639.55,2.76,276.0,-63.0,390.0
17:55:27,AMD,639.32,2.74,274.0,-65.0,390.0
17:56:27,AMD,639.08,2.9,290.0,-49.0,390.0
17:57:28,AMD,639.36,2.64,264.0,-75.0,390.0
17:58:29,AMD,639.0,2.67,267.0,-72.0,390.0
17:59:30,AMD,638.87,2.75,275.0,-64.0,390.0
18:00:31,AMD,638.73,2.57,257.0,-82.0,390.0
18:01:32,AMD,639.03,2.63,263.0,-76.0,390.0
18:02:32,AMD,638.0,2.61,261.0,-78.0,390.0
18:03:33,AMD,639.93,2.54,254.0,-85.0,390.0
18:04:36,AMD,640.1,2.68,268.0,-71.0,390.0
18:05:38,AMD,639.0,2.7,270.0,-69.0,390.0
18:06:38,AMD,639.69,2.75,275.0,-64.0,390.0
18:07:39,AMD,638.77,2.7,270.0,-69.0,390.0
18:08:41,AMD,638.4,2.53,253.0,-86.0,390.0
18:09:42,AMD,637.76,2.44,244.0,-95.0,390.0
18:10:42,AMD,638.9,2.55,255.0,-84.0,390.0
18:11:44,AMD,638.86,2.69,269.0,-70.0,390.0
18:12:44,AMD,639.12,2.61,261.0,-78.0,390.0
18:13:45,AMD,639.07,2.56,256.0,-83.0,390.0
18:14:46,AMD,638.8,2.65,265.0,-74.0,390.0
18:15:47,AMD,639.03,2.65,265.0,-74.0,390.0
18:16:48,AMD,640.0,2.6,260.0,-79.0,390.0
18:17:49,AMD,638.75,2.63,263.0,-76.0,390.0
18:18:50,AMD,639.48,2.72,272.0,-67.0,390.0
18:19:50,AMD,639.11,2.52,252.0,-87.0,390.0
18:20:51,AMD,638.5,2.62,262.0,-77.0,390.0
18:21:53,AMD,638.32,2.84,284.0,-55.0,390.0
18:22:53,AMD,637.59,2.44,244.0,-95.0,390.0
18:23:54,AMD,638.39,2.48,248.0,-91.0,390.0
18:24:55,AMD,637.5,2.46,246.0,-93.0,390.0
18:25:56,AMD,637.63,2.52,252.0,-87.0,390.0
18:26:57,AMD,637.33,2.45,245.0,-94.0,390.0
18:27:58,AMD,635.68,2.2,220.0,-119.0,390.0
18:28:59,AMD,635.99,2.33,233.0,-106.0,390.0
18:29:59,AMD,636.21,2.11,211.0,-128.0,390.0
18:31:00,AMD,635.95,2.23,223.0,-116.0,390.0
18:32:01,AMD,635.66,2.42,242.0,-97.0,390.0
18:33:02,AMD,635.52,2.12,212.0,-127.0,390.0
18:34:03,AMD,634.81,2.1,210.0,-129.0,390.0
18:35:04,AMD,633.7,2.02,202.0,-137.0,390.0
18:36:04,AMD,634.67,2.15,215.0,-124.0,390.0
18:37:05,AMD,634.77,1.82,182.0,-157.0,390.0
